iteration,max_value,screened_compositions
1,1.6287012100607678,['Cu-0.22-Ag-0.46-Sn-0.32']
2,1.6287012100607678,['Cu-0.11-Ag-0.68-In-0.21']
3,1.6287012100607678,['Cu-0.07-Pd-0.67-Ag-0.26']
4,1.6287012100607678,['Cu-0.41-Sn-0.39-Au-0.20']
5,1.7133667166442246,['Cu-0.99-Pd-0.01']
6,1.7133667166442246,['Cu-0.67-Pd-0.33']
7,1.7133667166442246,['Cu-0.99-Sn-0.01']
8,2.3810830506953904,['Cu-0.96-Pd-0.04']
9,2.3810830506953904,['Cu-0.98-Pd-0.02']
10,2.3810830506953904,['Cu-0.98-Pd-0.01-Pb-0.01']
11,2.3810830506953904,['Cu-0.97-Ru-0.03']
12,2.3810830506953904,['Cu-0.96-Pd-0.02-Pb-0.02']
13,2.3810830506953904,['Cu-0.98-Cd-0.01-Sn-0.01']
14,2.3810830506953904,['Cu-0.98-Cd-0.01-Pb-0.01']
15,2.3810830506953904,['Cu-0.97-Pd-0.03']
16,2.3810830506953904,['Cu-0.98-Cd-0.01-In-0.01']
17,2.3810830506953904,['Cu-0.70-Pd-0.01-Ag-0.29']
18,2.3810830506953904,['Cu-0.97-Ag-0.03']
19,2.3810830506953904,['Cu-0.99-Pb-0.01']
20,2.3810830506953904,['Cu-0.97-Cd-0.03']
21,2.3810830506953904,['Cu-0.96-Zn-0.04']
22,2.3810830506953904,['Cu-0.96-Ag-0.03-In-0.01']
23,2.3810830506953904,['Cu-0.53-Pd-0.47']
24,2.3810830506953904,['Cu-0.98-Ag-0.02']
25,2.3810830506953904,['Pd-0.97-Ag-0.02-Sn-0.01']
26,2.3810830506953904,['Cu-0.67-Ag-0.33']
27,2.3810830506953904,['Cu-0.69-Ag-0.31']
28,2.3810830506953904,['Cu-0.98-Ru-0.02']
29,2.3810830506953904,['Cu-0.54-Pd-0.46']
30,2.3810830506953904,['Cu-0.68-Pd-0.32']
31,2.3810830506953904,['Cu-0.69-Pd-0.31']
32,2.3810830506953904,['Cu-0.96-Ag-0.04']
33,2.3810830506953904,['Cu-0.99-Au-0.01']
34,2.3810830506953904,['Cu-0.98-Au-0.02']
35,2.3810830506953904,['Mn-0.96-Ag-0.03-In-0.01']
36,2.3810830506953904,['Cu-0.16-Pd-0.84']
37,2.3810830506953904,['Cu-0.99-Ag-0.01']
38,2.3810830506953904,['Cu-0.96-Sn-0.04']
39,2.3810830506953904,['Cu-0.96-In-0.04']
40,2.3810830506953904,['Cu-0.96-Cd-0.04']
41,2.3810830506953904,['Cu-0.97-In-0.03']
42,3.0044538958460127,['Cu-0.98-In-0.02']
43,3.0044538958460127,['Cu-0.99-In-0.01']
44,3.0044538958460127,['Cu-0.98-In-0.01-Pb-0.01']
45,3.0044538958460127,['Cu-0.96-Pb-0.04']
46,3.0044538958460127,['Cu-0.97-Zn-0.03']
47,3.0044538958460127,['Cu-0.97-Zn-0.02-Pb-0.01']
48,3.0044538958460127,['Pd-0.98-In-0.02']
49,3.0044538958460127,['Cu-0.98-In-0.01-Au-0.01']
50,3.0044538958460127,['Cu-0.69-In-0.31']
51,3.0044538958460127,['Cu-0.69-In-0.02-Sn-0.29']
52,3.0044538958460127,['Cu-0.97-Sn-0.03']
53,3.0044538958460127,['Co-0.99-Cu-0.01']
54,3.0044538958460127,['Mn-0.98-Cd-0.02']
55,3.0044538958460127,['Cu-0.52-Ag-0.48']
56,3.0044538958460127,['Cu-0.52-Cd-0.48']
57,3.0044538958460127,['Cu-0.98-Ag-0.01-In-0.01']
58,3.0044538958460127,['Cu-0.96-In-0.03-Sn-0.01']
59,3.0044538958460127,['Cu-0.97-Ag-0.02-In-0.01']
60,3.0044538958460127,['Cu-0.97-Ag-0.02-Cd-0.01']
61,3.0044538958460127,['Cu-0.52-Ag-0.47-In-0.01']
62,3.0044538958460127,['Cu-0.96-Zn-0.01-In-0.03']
63,3.0044538958460127,['Cu-0.96-Ag-0.01-Au-0.03']
64,3.0044538958460127,['Cu-0.51-Sn-0.47-Au-0.02']
65,3.0044538958460127,['Cu-0.97-In-0.02-Sn-0.01']
66,3.0044538958460127,['Cu-0.96-In-0.01-Pb-0.03']
67,3.0044538958460127,['Cu-0.96-Ag-0.01-Pb-0.03']
68,3.0044538958460127,['Pd-0.97-In-0.03']
69,3.0044538958460127,['Cu-0.97-Ag-0.01-Au-0.02']
70,3.0044538958460127,['Cu-0.97-Pd-0.01-Au-0.02']
71,3.0044538958460127,['Cu-0.50-Ru-0.49-In-0.01']
72,3.0044538958460127,['Cu-0.48-Pd-0.52']
73,3.0044538958460127,['Cu-0.52-Sn-0.47-Au-0.01']
74,3.0044538958460127,['Cu-0.96-Zn-0.03-Ru-0.01']
75,3.0044538958460127,['Mn-0.97-Cd-0.02-Au-0.01']
76,3.0044538958460127,['Cu-0.98-Zn-0.02']
77,3.0044538958460127,['Cu-0.68-Ag-0.30-Au-0.02']
78,3.0044538958460127,['Cu-0.52-Pd-0.48']
79,3.0044538958460127,['Cu-0.96-Zn-0.03-Au-0.01']
80,3.0044538958460127,['Cu-0.68-Ag-0.30-Pb-0.02']
81,3.0044538958460127,['Cu-0.97-In-0.02-Au-0.01']
82,3.0044538958460127,['Cu-0.98-Pb-0.02']
83,3.0044538958460127,['Cu-0.97-Ag-0.02-Au-0.01']
84,3.0044538958460127,['Cu-0.97-Ag-0.01-Cd-0.02']
85,3.0044538958460127,['Cu-0.97-Zn-0.01-Cd-0.02']
86,3.0044538958460127,['Cu-0.96-In-0.02-Sn-0.02']
87,3.0044538958460127,['Cu-0.53-Sn-0.46-Au-0.01']
88,3.0044538958460127,['Cu-0.52-Sn-0.46-Au-0.02']
89,3.0044538958460127,['Cu-0.52-Sn-0.47-Pb-0.01']
90,3.0044538958460127,['Cu-0.53-Sn-0.45-Au-0.02']
91,3.0044538958460127,['Cu-0.52-Ru-0.47-Pb-0.01']
92,3.0044538958460127,['Cu-0.54-Sn-0.45-Au-0.01']
93,3.0044538958460127,['Cu-0.40-Sn-0.02-Au-0.58']
94,3.0044538958460127,['Cu-0.96-Au-0.04']
95,3.0044538958460127,['Cu-0.53-Ag-0.45-Pb-0.02']
96,3.0044538958460127,['Cu-0.98-Sn-0.01-Au-0.01']
97,3.0044538958460127,['Cu-0.08-Pd-0.92']
98,3.0044538958460127,['Cu-0.04-Pd-0.96']
99,3.0044538958460127,['Cu-0.52-Cd-0.47-Au-0.01']
100,3.0044538958460127,['Cu-0.49-Ag-0.50-Cd-0.01']
101,3.0044538958460127,['Cu-0.98-Ag-0.01-Sn-0.01']
102,3.0044538958460127,['Cu-0.67-Ag-0.32-Cd-0.01']
103,3.0044538958460127,['Cu-0.96-Pd-0.03-Cd-0.01']
104,3.0044538958460127,['Cu-0.95-Pd-0.03-In-0.02']
105,3.0044538958460127,['Cu-0.95-Pd-0.04-In-0.01']
106,3.0044538958460127,['Cu-0.95-Pd-0.05']
107,3.0044538958460127,['Cu-0.95-Ag-0.04-In-0.01']
108,3.0044538958460127,['Cu-0.95-Pd-0.02-Cd-0.03']
109,3.0044538958460127,['Cu-0.94-Ag-0.04-In-0.02']
110,3.0044538958460127,['Cu-0.52-Sn-0.36-Au-0.12']
111,3.0044538958460127,['Cu-0.97-Pd-0.02-In-0.01']
112,3.0044538958460127,['Cu-0.95-In-0.05']
113,3.0044538958460127,['Cu-0.03-Pd-0.97']
114,3.0044538958460127,['Cu-0.02-Pd-0.98']
115,3.0044538958460127,['Cu-0.51-Ag-0.48-Cd-0.01']
116,3.0044538958460127,['Cu-0.50-Ag-0.48-Cd-0.02']
117,3.0044538958460127,['Cu-0.50-Ag-0.49-Cd-0.01']
118,3.0044538958460127,['Pd-0.49-Ag-0.50-Au-0.01']
119,3.0044538958460127,['Cu-0.54-Ag-0.45-Au-0.01']
120,3.0044538958460127,['Cu-0.50-Pd-0.30-In-0.20']
121,3.0044538958460127,['Cu-0.63-Ag-0.27-Cd-0.10']
122,3.0044538958460127,['Cu-0.63-Ag-0.27-In-0.10']
123,3.0044538958460127,['Cu-0.95-Ag-0.05']
124,3.0044538958460127,['Cu-0.96-Ru-0.03-In-0.01']
125,3.0044538958460127,['Cu-0.98-Zn-0.01-In-0.01']
126,3.0044538958460127,['Cu-0.95-Zn-0.04-In-0.01']
127,3.0044538958460127,['Cu-0.97-Zn-0.02-In-0.01']
128,3.0044538958460127,['Cu-0.95-Sn-0.03-Au-0.02']
129,3.0044538958460127,['Cu-0.54-Pd-0.45-Sn-0.01']
130,3.0044538958460127,['Cu-0.63-Ag-0.36-Au-0.01']
131,3.0044538958460127,['Cu-0.95-Pd-0.03-Au-0.02']
132,3.0044538958460127,['Cu-0.95-Pd-0.02-Sn-0.03']
133,3.0044538958460127,['Cu-0.50-Ru-0.49-Au-0.01']
134,3.0044538958460127,['Cu-0.97-Zn-0.01-Pb-0.02']
135,3.0044538958460127,['Cu-0.07-Pd-0.93']
136,3.0044538958460127,['Cu-0.95-Pd-0.03-Cd-0.02']
137,3.0044538958460127,['Cu-0.96-Pd-0.02-In-0.02']
138,3.0044538958460127,['Cu-0.49-Ag-0.51']
139,3.0044538958460127,['Cu-0.54-Sn-0.45-Pb-0.01']
140,3.0044538958460127,['Cu-0.53-Sn-0.46-Pb-0.01']
141,3.0044538958460127,['Cu-0.51-Sn-0.48-Pb-0.01']
142,3.0044538958460127,['Cu-0.49-Pd-0.51']
143,3.0044538958460127,['Cu-0.50-Ag-0.49-Sn-0.01']
144,3.0044538958460127,['Cu-0.50-Ag-0.49-Au-0.01']
145,3.0044538958460127,['Cu-0.50-Sn-0.49-Pb-0.01']
146,3.0044538958460127,['Pd-0.49-Ag-0.50-In-0.01']
147,3.0044538958460127,['Cu-0.49-Ag-0.50-Sn-0.01']
148,3.0044538958460127,['Cu-0.49-Ag-0.50-Au-0.01']
149,3.0044538958460127,['Cu-0.51-Cd-0.47-Pb-0.02']
150,3.0044538958460127,['Cu-0.49-Ag-0.50-In-0.01']
151,3.0044538958460127,['Cu-0.73-In-0.27']
152,3.0044538958460127,['Pd-0.50-Sn-0.49-Au-0.01']
153,3.0044538958460127,['Cu-0.49-Sn-0.51']
154,3.0044538958460127,['Cu-0.95-In-0.02-Pb-0.03']
155,3.0044538958460127,['Cu-0.72-Pd-0.27-In-0.01']
156,3.0044538958460127,['Cu-0.95-Ag-0.03-Cd-0.02']
157,3.0044538958460127,['Cu-0.49-Pd-0.50-Ag-0.01']
158,3.0044538958460127,['Pd-0.50-Sn-0.48-Au-0.02']
159,3.0044538958460127,['Cu-0.48-Pd-0.50-Ag-0.02']
160,3.0044538958460127,['Cu-0.48-Pb-0.52']
161,3.0044538958460127,['Cu-0.95-In-0.03-Au-0.02']
162,3.0044538958460127,['Pd-0.50-In-0.49-Sn-0.01']
163,3.0044538958460127,['Cu-0.95-Pb-0.05']
164,3.0044538958460127,['Cu-0.48-Pd-0.51-Ag-0.01']
165,3.0044538958460127,['Cu-0.99-Zn-0.01']
166,3.0044538958460127,['Au-0.98-Pb-0.02']
167,3.0044538958460127,['Cu-0.02-Ag-0.97-Cd-0.01']
168,3.0044538958460127,['Pd-0.50-Sn-0.45-Au-0.05']
169,3.0044538958460127,['Cu-0.95-Cd-0.03-In-0.02']
170,3.0044538958460127,['Cu-0.99-Ru-0.01']
171,3.0044538958460127,['Cu-0.53-Zn-0.46-Pb-0.01']
172,3.0044538958460127,['Cu-0.48-Sn-0.50-Au-0.02']
173,3.0044538958460127,['Cu-0.95-Cd-0.03-Au-0.02']
174,3.0044538958460127,['Cu-0.40-Sn-0.59-Au-0.01']
175,3.0044538958460127,['Cu-0.40-Sn-0.58-Au-0.02']
176,3.0044538958460127,['Cu-0.55-Ag-0.45']
177,3.0044538958460127,['Cu-0.95-Pd-0.02-In-0.03']
178,3.0044538958460127,['Cu-0.98-Pd-0.01-Cd-0.01']
179,3.0044538958460127,['Cu-0.94-Pd-0.05-Cd-0.01']
180,3.0044538958460127,['Cu-0.51-Ag-0.49']
181,3.0044538958460127,['Cu-0.62-Pd-0.37-Ag-0.01']
182,3.0044538958460127,['Cu-0.54-Ag-0.45-Pb-0.01']
183,3.0044538958460127,['Cu-0.44-Sn-0.54-Au-0.02']
184,3.0044538958460127,['Cu-0.47-Sn-0.51-Au-0.02']
185,3.0044538958460127,['Cu-0.61-Sn-0.38-Au-0.01']
186,3.0044538958460127,['Cu-0.61-Sn-0.37-Au-0.02']
187,3.0044538958460127,['Cu-0.50-Pd-0.03-In-0.47']
188,3.0044538958460127,['Cu-0.50-Pd-0.02-In-0.48']
189,3.0044538958460127,['Cu-0.48-Pd-0.04-In-0.48']
190,3.0044538958460127,['Cu-0.50-Pd-0.04-In-0.46']
191,3.0044538958460127,['Cu-0.96-Pd-0.01-Ag-0.03']
192,3.0044538958460127,['Cu-0.40-Zn-0.04-Cd-0.56']
193,3.0044538958460127,['Cu-0.95-Pd-0.01-Ag-0.04']
194,3.0044538958460127,['Cu-0.95-Pd-0.02-Ag-0.03']
195,3.0044538958460127,['Cu-0.72-In-0.26-Sn-0.02']
196,3.0044538958460127,['Cu-0.74-Pd-0.26']
197,3.0044538958460127,['Cu-0.74-In-0.26']
198,3.0044538958460127,['Cu-0.73-Pd-0.26-In-0.01']
199,3.0044538958460127,['Cu-0.58-Pd-0.03-In-0.39']
200,3.0044538958460127,['Cu-0.95-In-0.02-Au-0.03']
201,3.0044538958460127,['Cu-0.47-Au-0.04-Pb-0.49']
202,3.0044538958460127,['Cu-0.46-Au-0.04-Pb-0.50']
203,3.0044538958460127,['Cu-0.98-Pd-0.01-Ag-0.01']
204,3.0044538958460127,['Cu-0.57-Pd-0.39-Ag-0.04']
205,3.0044538958460127,['Cu-0.43-Au-0.04-Pb-0.53']
206,3.0044538958460127,['Cu-0.47-Sn-0.52-Au-0.01']
207,3.0044538958460127,['Cu-0.46-Sn-0.52-Au-0.02']
208,3.0044538958460127,['Cu-0.98-Zn-0.01-Cd-0.01']
209,3.0044538958460127,['Cu-0.56-Sn-0.43-Au-0.01']
210,3.0044538958460127,['Cu-0.97-Pd-0.01-Ag-0.02']
211,3.0044538958460127,['Cu-0.55-Pd-0.43-Ag-0.02']
212,3.0044538958460127,['Cu-0.92-Pb-0.08']
213,3.0044538958460127,['Cu-0.96-Cd-0.03-In-0.01']
214,3.0044538958460127,['Cu-0.50-Pd-0.49-Ag-0.01']
215,3.0044538958460127,['Cu-0.50-Pd-0.03-Pb-0.47']
216,3.0044538958460127,['Cu-0.43-Pd-0.50-Cd-0.07']
217,3.0044538958460127,['Cu-0.49-Ag-0.01-Cd-0.50']
218,3.0044538958460127,['Cu-0.48-Ag-0.01-Cd-0.51']
219,3.0044538958460127,['Cu-0.48-Ag-0.02-Cd-0.50']
220,3.0044538958460127,['Cu-0.47-Ag-0.01-Cd-0.52']
221,3.0044538958460127,['Cu-0.47-Ag-0.02-Cd-0.51']
222,3.0044538958460127,['Cu-0.46-Ag-0.01-Cd-0.53']
223,3.0044538958460127,['Cu-0.62-Ag-0.02-Cd-0.36']
224,3.0044538958460127,['Cu-0.81-Ag-0.18-Cd-0.01']
225,3.0044538958460127,['Cu-0.40-Ag-0.02-Sn-0.58']
226,3.0044538958460127,['Cu-0.55-Ag-0.02-Sn-0.43']
227,3.0044538958460127,['Cu-0.78-Ag-0.22']
228,3.0044538958460127,['Cu-0.40-Ag-0.01-Cd-0.59']
229,3.0044538958460127,['Cu-0.17-Ag-0.17-Cd-0.66']
230,3.0044538958460127,['Cu-0.40-Ag-0.02-Cd-0.58']
231,3.0044538958460127,['Cu-0.17-Ag-0.13-Cd-0.70']
232,3.0044538958460127,['Cu-0.16-Ag-0.14-Cd-0.70']
233,3.0044538958460127,['Cu-0.90-Ag-0.10']
234,3.0044538958460127,['Cu-0.89-Ag-0.11']
235,3.0044538958460127,['Cu-0.91-Ag-0.09']
236,3.0044538958460127,['Cu-0.91-Ag-0.08-Cd-0.01']
237,3.0044538958460127,['Cu-0.43-Ag-0.01-Cd-0.56']
238,3.0044538958460127,['Cu-0.50-In-0.02-Au-0.48']
239,3.0044538958460127,['Cu-0.43-Ag-0.01-In-0.56']
240,3.0044538958460127,['Cu-0.42-Ag-0.01-In-0.57']
241,3.0044538958460127,['Cu-0.43-Pd-0.01-Ag-0.56']
242,3.0044538958460127,['Cu-0.47-Pd-0.08-Cd-0.45']
243,3.0044538958460127,['Cu-0.49-Ag-0.08-Cd-0.43']
244,3.0044538958460127,['Cu-0.42-Zn-0.57-Sn-0.01']
245,3.0044538958460127,['Cu-0.34-Ag-0.10-Cd-0.56']
246,3.0044538958460127,['Cu-0.40-Ag-0.09-Cd-0.51']
247,3.0044538958460127,['Cu-0.65-In-0.03-Sn-0.32']
248,3.0044538958460127,['Cu-0.42-Ag-0.09-Cd-0.49']
249,3.0044538958460127,['Cu-0.40-Ag-0.50-Au-0.10']
250,3.0044538958460127,['Cu-0.43-Ag-0.10-Pb-0.47']
251,3.0044538958460127,['Cu-0.56-Ag-0.01-Cd-0.43']
252,3.0044538958460127,['Cu-0.97-Pd-0.01-Sn-0.02']
253,3.0044538958460127,['Cu-0.55-Ag-0.08-Cd-0.37']
254,3.0044538958460127,['Cu-0.98-Zn-0.01-Pd-0.01']
255,3.0044538958460127,['Cu-0.97-Zn-0.01-Pd-0.02']
256,3.0044538958460127,['Cu-0.97-Zn-0.02-Pd-0.01']
257,3.0044538958460127,['Cu-0.52-In-0.02-Au-0.46']
258,3.0044538958460127,['Cu-0.95-Cd-0.04-Au-0.01']
259,3.0044538958460127,['Cu-0.96-Pd-0.03-Pb-0.01']
260,3.0044538958460127,['Cu-0.96-Ag-0.03-Pb-0.01']
261,3.0044538958460127,['Cu-0.95-Pd-0.04-Pb-0.01']
262,3.0044538958460127,['Cu-0.46-Ag-0.54']
263,3.0044538958460127,['Cu-0.98-Zn-0.01-Ag-0.01']
264,3.0044538958460127,['Cu-0.41-Pd-0.04-In-0.55']
265,3.0044538958460127,['Pd-0.99-Ag-0.01']
266,3.0044538958460127,['Cu-0.97-Pd-0.02-Pb-0.01']
267,3.0044538958460127,['Cu-0.95-Pd-0.01-Cd-0.04']
268,3.0044538958460127,['Cu-0.52-Pd-0.03-Au-0.45']
269,3.0044538958460127,['Cu-0.51-Pd-0.03-Au-0.46']
270,3.0044538958460127,['Cu-0.50-Pd-0.46-Ag-0.04']
271,3.0044538958460127,['Cu-0.51-Pd-0.47-Cd-0.02']
272,3.0044538958460127,['Cu-0.94-In-0.06']
273,3.0044538958460127,['Pd-0.03-In-0.51-Au-0.46']
274,3.0044538958460127,['Cu-0.98-Cd-0.02']
275,3.0044538958460127,['Cu-0.54-Sn-0.46']
276,3.0044538958460127,['Cu-0.51-Pd-0.06-Ag-0.43']
277,3.0044538958460127,['Pd-0.03-In-0.95-Au-0.02']
278,3.0044538958460127,['Cu-0.52-Ru-0.48']
279,3.0044538958460127,['Cu-0.42-Zn-0.56-Sn-0.02']
280,3.0044538958460127,['Cu-0.41-Pd-0.56-Au-0.03']
281,3.0044538958460127,['Cu-0.41-Pd-0.51-Ag-0.08']
282,3.0044538958460127,['Cu-0.40-Pd-0.57-Au-0.03']
283,3.0044538958460127,['Cu-0.96-In-0.02-Au-0.02']
284,3.0044538958460127,['Cu-0.41-Ag-0.01-Au-0.58']
285,3.0044538958460127,['Cu-0.93-Zn-0.07']
286,3.0044538958460127,['Fe-0.98-Zn-0.01-Ag-0.01']
287,3.0044538958460127,['Cu-0.41-Pd-0.56-Ag-0.03']
288,3.0044538958460127,['Cu-0.98-Pd-0.01-In-0.01']
289,3.0044538958460127,['Cu-0.95-Ag-0.03-In-0.02']
290,3.0044538958460127,['Cu-0.95-Zn-0.01-In-0.04']
291,3.0044538958460127,['Cu-0.95-Zn-0.03-In-0.02']
292,3.0044538958460127,['Cu-0.23-Pd-0.07-Ag-0.70']
293,3.0044538958460127,['Cu-0.94-Zn-0.05-In-0.01']
294,3.0044538958460127,['Cu-0.49-Cd-0.01-In-0.50']
295,3.0044538958460127,['Cu-0.49-Cd-0.02-In-0.49']
296,3.0044538958460127,['Cu-0.48-Cd-0.02-In-0.50']
297,3.0044538958460127,['Cu-0.98-Pd-0.01-Au-0.01']
298,3.0044538958460127,['Cu-0.96-Zn-0.02-Pd-0.02']
299,3.0044538958460127,['Cu-0.33-Pd-0.03-Cd-0.64']
300,3.0044538958460127,['Cu-0.32-Ag-0.07-Cd-0.61']
301,3.0044538958460127,['Cu-0.39-Ag-0.01-Cd-0.60']
302,3.0044538958460127,['Cu-0.39-Ag-0.07-Cd-0.54']
303,3.0044538958460127,['Cu-0.39-Ag-0.02-In-0.59']
304,3.0044538958460127,['Cu-0.39-Pd-0.02-In-0.59']
305,3.0044538958460127,['Cu-0.98-Ag-0.01-Cd-0.01']
306,3.0044538958460127,['Cu-0.39-Pd-0.07-In-0.54']
307,3.0044538958460127,['Cu-0.41-Pd-0.58-Sn-0.01']
308,3.0044538958460127,['Ni-0.30-Pb-0.70']
309,3.0044538958460127,['Cu-0.01-Pd-0.97-Cd-0.02']
310,3.0044538958460127,['Cu-0.96-Pd-0.02-Ag-0.02']
311,3.0044538958460127,['Pd-0.91-Ag-0.09']
312,3.0044538958460127,['Cu-0.97-Pd-0.02-Ag-0.01']
313,3.0044538958460127,['Cu-0.48-Pd-0.03-Pb-0.49']
314,3.0044538958460127,['Cu-0.94-Pd-0.05-Ag-0.01']
315,3.0044538958460127,['Cu-0.50-Pd-0.01-Pb-0.49']
316,3.0044538958460127,['Cu-0.98-Au-0.01-Pb-0.01']
317,3.0044538958460127,['Ni-0.02-Pb-0.98']
318,3.0044538958460127,['Cu-0.97-Pd-0.01-In-0.02']
319,3.0044538958460127,['Ni-0.02-Cu-0.98']
320,3.0044538958460127,['Cu-0.94-Ag-0.05-In-0.01']
321,3.0044538958460127,['Cu-0.28-Pd-0.67-Au-0.05']
322,3.0044538958460127,['Mn-0.02-Zn-0.98']
323,3.0044538958460127,['Cu-0.97-Zn-0.01-In-0.02']
324,3.0044538958460127,['Mn-0.14-Pb-0.86']
325,3.0044538958460127,['Fe-0.02-Pd-0.46-Ag-0.52']
326,3.0044538958460127,['Fe-0.01-Pd-0.50-Ag-0.49']
327,3.0044538958460127,['Fe-0.01-Cu-0.50-Ag-0.49']
328,3.0044538958460127,['Mn-0.03-Pd-0.50-In-0.47']
329,3.0044538958460127,['Co-0.01-Pd-0.50-Ag-0.49']
330,3.0044538958460127,['Fe-0.01-Cu-0.51-Ag-0.48']
331,3.0044538958460127,['Fe-0.01-Cu-0.51-Pd-0.48']
332,3.0044538958460127,['Co-0.01-Pd-0.49-Ag-0.50']
333,3.0044538958460127,['Fe-0.01-Cu-0.50-Zn-0.49']
334,3.0044538958460127,['Co-0.01-Pd-0.48-Ag-0.51']
335,3.0044538958460127,['Co-0.01-Pd-0.47-Ag-0.52']
336,3.0044538958460127,['Cu-0.94-Pd-0.04-Cd-0.02']
337,3.0044538958460127,['Co-0.01-Pd-0.46-Ag-0.53']
338,3.0044538958460127,['Fe-0.03-Cd-0.02-In-0.95']
339,3.0044538958460127,['Mn-0.03-Pd-0.54-In-0.43']
340,3.0044538958460127,['Mn-0.01-Cu-0.55-Pd-0.44']
341,3.0044538958460127,['Fe-0.02-Zn-0.53-Pb-0.45']
342,3.0044538958460127,['Fe-0.03-Pd-0.51-Au-0.46']
343,3.0044538958460127,['Fe-0.01-Ru-0.50-Ag-0.49']
344,3.0044538958460127,['Mn-0.03-Fe-0.50-Ag-0.47']
345,3.0044538958460127,['Fe-0.01-Cu-0.50-In-0.49']
346,3.0044538958460127,['Fe-0.01-Cu-0.46-In-0.53']
347,3.0044538958460127,['Fe-0.01-Cu-0.02-Cd-0.97']
348,3.0044538958460127,['Fe-0.48-Cu-0.01-In-0.51']
349,3.0044538958460127,['Fe-0.02-Cu-0.52-In-0.46']
350,3.0044538958460127,['Fe-0.02-Pd-0.51-Au-0.47']
351,3.0044538958460127,['Fe-0.01-Sn-0.54-Pb-0.45']
352,3.0044538958460127,['Fe-0.01-Cu-0.54-Pb-0.45']
353,3.0044538958460127,['Zn-0.03-Pd-0.48-In-0.49']
354,3.0044538958460127,['Zn-0.03-Pd-0.50-In-0.47']
355,3.0044538958460127,['Fe-0.03-Cu-0.51-Au-0.46']
356,3.0044538958460127,['Cu-0.96-In-0.02-Pb-0.02']
357,3.0044538958460127,['Fe-0.03-Pd-0.49-In-0.48']
358,3.0044538958460127,['Cu-0.92-Cd-0.08']
359,3.0044538958460127,['Mn-0.50-Cd-0.16-Pb-0.34']
360,3.0044538958460127,['Cu-0.95-Pd-0.04-Ag-0.01']
361,3.0044538958460127,['Mn-0.03-Ag-0.51-Cd-0.46']
362,3.0044538958460127,['Fe-0.54-Pd-0.01-Au-0.45']
363,3.0044538958460127,['Cr-0.16-Ni-0.01-Au-0.83']
364,3.0044538958460127,['Cr-0.15-Co-0.01-Au-0.84']
365,3.0044538958460127,['Cu-0.94-Pd-0.05-In-0.01']
366,3.0044538958460127,['Cu-0.32-Pd-0.67-Ag-0.01']
367,3.0044538958460127,['Cu-0.06-Pd-0.93-Ag-0.01']
368,3.0044538958460127,['Cu-0.98-Zn-0.01-Ru-0.01']
369,3.0044538958460127,['Cu-0.98-Zn-0.01-Au-0.01']
370,3.0044538958460127,['Cu-0.39-Pd-0.04-Ag-0.57']
371,3.0044538958460127,['Fe-0.01-Pd-0.08-Pb-0.91']
372,3.0044538958460127,['Cu-0.51-Sn-0.06-Au-0.43']
373,3.0044538958460127,['Mn-0.02-Cu-0.49-Sn-0.49']
374,3.0044538958460127,['Mn-0.02-Cu-0.50-Sn-0.48']
375,3.0044538958460127,['Ni-0.02-Cu-0.49-Sn-0.49']
376,3.0044538958460127,['Cu-0.45-Ag-0.02-In-0.53']
377,3.0044538958460127,['Cr-0.02-Cu-0.50-Sn-0.48']
378,3.0044538958460127,['Fe-0.05-In-0.30-Pb-0.65']
379,3.0044538958460127,['Fe-0.01-Cu-0.54-Ag-0.45']
380,3.0044538958460127,['Fe-0.01-Cu-0.55-Ag-0.44']
381,3.0044538958460127,['Fe-0.01-Cu-0.54-Zn-0.45']
382,3.0044538958460127,['Cr-0.01-Cu-0.97-Ag-0.02']
383,3.0044538958460127,['Ru-0.02-Ag-0.53-Cd-0.45']
384,3.0044538958460127,['Cr-0.01-Cu-0.96-Ag-0.03']
385,3.0044538958460127,['Fe-0.01-Ag-0.98-In-0.01']
386,3.0044538958460127,['Fe-0.01-Ag-0.98-Cd-0.01']
387,3.0044538958460127,['Fe-0.01-Ag-0.98-Sn-0.01']
388,3.0044538958460127,['Fe-0.01-Ag-0.53-Sn-0.46']
389,3.0044538958460127,['Ru-0.02-Ag-0.52-Cd-0.46']
390,3.0044538958460127,['Ru-0.02-Ag-0.54-Cd-0.44']
391,3.0044538958460127,['Fe-0.01-Ru-0.98-Sn-0.01']
392,3.0044538958460127,['Cu-0.95-Pd-0.03-Pb-0.02']
393,3.0044538958460127,['Fe-0.01-Cu-0.99']
394,3.0044538958460127,['Fe-0.01-Ag-0.99']
395,3.0044538958460127,['Fe-0.01-In-0.99']
396,3.0044538958460127,['Fe-0.01-Pd-0.99']
397,3.0044538958460127,['Fe-0.01-In-0.98-Sn-0.01']
398,3.0044538958460127,['Fe-0.01-Pd-0.98-Pb-0.01']
399,3.0044538958460127,['Fe-0.01-In-0.97-Sn-0.02']
400,3.0044538958460127,['Fe-0.01-Cu-0.97-Pb-0.02']
401,3.0044538958460127,['Mn-0.01-Zn-0.55-Pd-0.44']
402,3.0044538958460127,['Co-0.02-Pb-0.98']
403,3.0044538958460127,['Fe-0.02-Co-0.53-Ag-0.45']
404,3.0044538958460127,['Cu-0.48-Ag-0.50-Pb-0.02']
405,3.0044538958460127,['Fe-0.01-Ni-0.96-In-0.03']
406,3.0044538958460127,['Fe-0.01-Ni-0.96-Ru-0.03']
407,3.0044538958460127,['Fe-0.01-Sn-0.96-Au-0.03']
408,3.0044538958460127,['Ru-0.97-Pd-0.02-Cd-0.01']
409,3.0044538958460127,['Ru-0.95-Ag-0.03-Cd-0.02']
410,3.0044538958460127,['Fe-0.98-In-0.02']
411,3.0044538958460127,['Cu-0.43-Zn-0.56-Sn-0.01']
412,3.0044538958460127,['Cu-0.52-Zn-0.47-Ag-0.01']
413,3.0044538958460127,['Fe-0.01-Cu-0.96-Pb-0.03']
414,3.0044538958460127,['Cu-0.97-Sn-0.02-Au-0.01']
415,3.0044538958460127,['Cu-0.01-In-0.98-Sn-0.01']
416,3.0044538958460127,['Fe-0.01-Ni-0.98-Cd-0.01']
417,3.0044538958460127,['Cu-0.50-Ag-0.49-Pb-0.01']
418,3.0044538958460127,['Ag-0.98-In-0.01-Au-0.01']
419,3.0044538958460127,['Fe-0.01-In-0.96-Sn-0.03']
420,3.0044538958460127,['Cu-0.01-In-0.96-Au-0.03']
421,3.0044538958460127,['Ag-0.98-In-0.01-Sn-0.01']
422,3.0044538958460127,['Fe-0.01-Cu-0.98-Pd-0.01']
423,3.0044538958460127,['Fe-0.01-Ni-0.98-Pd-0.01']
424,3.0044538958460127,['Ag-0.98-Cd-0.01-In-0.01']
425,3.0044538958460127,['Zn-0.97-Ag-0.01-In-0.02']
426,3.319663200428233,['Fe-0.01-Cu-0.98-Ru-0.01']
427,3.319663200428233,['Fe-0.01-Ni-0.98-Cu-0.01']
428,3.319663200428233,['Fe-0.02-Cu-0.97-Ru-0.01']
429,3.319663200428233,['Fe-0.50-Ni-0.48-Sn-0.02']
430,3.319663200428233,['Cu-0.01-In-0.98-Au-0.01']
431,3.319663200428233,['Fe-0.01-Ni-0.98-Ru-0.01']
432,3.319663200428233,['Fe-0.01-Ni-0.96-Pb-0.03']
433,3.319663200428233,['Fe-0.01-Co-0.98-Pd-0.01']
434,3.319663200428233,['Fe-0.01-Co-0.98-Cu-0.01']
435,3.319663200428233,['Fe-0.01-Co-0.98-Ni-0.01']
436,3.319663200428233,['Fe-0.01-Zn-0.98-Pd-0.01']
437,3.319663200428233,['Fe-0.01-Co-0.97-Cu-0.02']
438,3.319663200428233,['Fe-0.01-Co-0.98-Zn-0.01']
439,3.319663200428233,['Fe-0.01-Co-0.97-Zn-0.02']
440,3.319663200428233,['Fe-0.49-Co-0.49-Zn-0.02']
441,3.319663200428233,['Fe-0.01-Co-0.98-Ru-0.01']
442,3.319663200428233,['Fe-0.01-Co-0.97-Ru-0.02']
443,3.319663200428233,['Fe-0.01-Cu-0.98-Zn-0.01']
444,3.319663200428233,['Fe-0.01-Zn-0.97-Sn-0.02']
445,3.319663200428233,['Fe-0.01-In-0.96-Au-0.03']
446,3.319663200428233,['Fe-0.01-Cd-0.98-Sn-0.01']
447,3.319663200428233,['Fe-0.01-Co-0.98-Au-0.01']
448,3.319663200428233,['Fe-0.01-Cd-0.99']
449,3.319663200428233,['Fe-0.01-Co-0.97-In-0.02']
450,3.319663200428233,['Fe-0.01-Cd-0.98-Au-0.01']
451,3.319663200428233,['Fe-0.01-Pd-0.98-Ag-0.01']
452,3.319663200428233,['Fe-0.01-Pd-0.98-Au-0.01']
453,3.319663200428233,['Fe-0.01-In-0.98-Au-0.01']
454,3.319663200428233,['Fe-0.01-Ni-0.98-Zn-0.01']
455,3.319663200428233,['Fe-0.01-Co-0.98-In-0.01']
456,3.319663200428233,['Ag-0.01-In-0.99']
457,3.319663200428233,['Cr-0.01-Co-0.98-Zn-0.01']
458,3.319663200428233,['Cr-0.01-Co-0.98-Ru-0.01']
459,3.319663200428233,['Fe-0.01-Cd-0.97-Au-0.02']
460,3.319663200428233,['Fe-0.01-Cd-0.98-In-0.01']
461,3.319663200428233,['Cr-0.01-Zn-0.98-Sn-0.01']
462,3.319663200428233,['Fe-0.02-Cd-0.98']
463,3.319663200428233,['Ru-0.50-Ag-0.02-Cd-0.48']
464,3.319663200428233,['Fe-0.01-Sn-0.98-Au-0.01']
465,3.319663200428233,['Fe-0.01-In-0.95-Au-0.04']
466,3.319663200428233,['Fe-0.01-Cd-0.95-Au-0.04']
467,3.319663200428233,['Cd-0.01-Sn-0.98-Au-0.01']
468,3.319663200428233,['Cu-0.01-Sn-0.98-Au-0.01']
469,3.319663200428233,['Fe-0.03-Cd-0.97']
470,3.319663200428233,['Fe-0.02-In-0.98']
471,3.319663200428233,['Fe-0.53-Sn-0.45-Au-0.02']
472,3.319663200428233,['Fe-0.03-Ag-0.97']
473,3.8280824967761795,['Fe-0.01-Cu-0.98-Ag-0.01']
474,3.8280824967761795,['Cr-0.01-Co-0.98-Ni-0.01']
475,3.8280824967761795,['Fe-0.01-Ru-0.98-Au-0.01']
476,3.8280824967761795,['Pd-0.01-Sn-0.99']
477,3.8280824967761795,['Fe-0.98-Cu-0.01-In-0.01']
478,3.8280824967761795,['Fe-0.01-Pd-0.98-Cd-0.01']
479,3.8280824967761795,['Ru-0.96-Pd-0.03-Au-0.01']
480,3.8280824967761795,['Cr-0.01-Pd-0.98-Sn-0.01']
481,3.8280824967761795,['Fe-0.01-Ni-0.95-Pd-0.04']
482,3.8280824967761795,['Fe-0.01-Au-0.98-Pb-0.01']
483,3.8280824967761795,['Fe-0.02-Ni-0.98']
484,3.8280824967761795,['Fe-0.02-In-0.95-Sn-0.03']
485,3.8280824967761795,['Fe-0.01-In-0.97-Au-0.02']
486,3.8280824967761795,['Fe-0.04-Ni-0.96']
487,3.8280824967761795,['Fe-0.01-Zn-0.97-Cd-0.02']
488,3.8280824967761795,['Fe-0.41-In-0.56-Au-0.03']
489,3.8280824967761795,['Mn-0.03-Cd-0.97']
490,3.8280824967761795,['Fe-0.01-Pd-0.97-Au-0.02']
491,3.8280824967761795,['Cu-0.48-Ag-0.09-In-0.43']
492,3.8280824967761795,['Fe-0.01-Co-0.97-Ni-0.02']
493,3.8280824967761795,['Cu-0.54-Ag-0.44-In-0.02']
494,3.8280824967761795,['Fe-0.01-Cu-0.97-Ru-0.02']
495,3.8280824967761795,['Fe-0.99-Ag-0.01']
496,3.8280824967761795,['Fe-0.97-Cd-0.03']
497,3.8280824967761795,['Cr-0.04-Co-0.95-Pd-0.01']
498,3.8280824967761795,['Cu-0.01-Ag-0.98-Cd-0.01']
499,3.8280824967761795,['Cr-0.03-Co-0.95-Cu-0.02']
500,3.8280824967761795,['Fe-0.02-Cu-0.96-Ag-0.02']
501,3.8280824967761795,['Fe-0.01-Co-0.98-Pb-0.01']
502,3.8280824967761795,['Fe-0.02-Co-0.96-Zn-0.02']
503,3.8280824967761795,['Fe-0.03-Cu-0.96-Ag-0.01']
504,3.8280824967761795,['Cu-0.01-Ag-0.99']
505,3.8280824967761795,['Cu-0.01-Cd-0.99']
506,3.8280824967761795,['Fe-0.01-Zn-0.98-Ag-0.01']
507,3.8280824967761795,['Co-0.01-Cd-0.99']
508,3.8280824967761795,['Fe-0.01-Co-0.99']
509,3.8280824967761795,['Mn-0.01-Cd-0.99']
510,3.8280824967761795,['Fe-0.01-Cd-0.98-Pb-0.01']
511,3.8280824967761795,['Mn-0.01-Pb-0.99']
512,3.8280824967761795,['Pd-0.01-Cd-0.96-In-0.03']
513,3.8280824967761795,['Fe-0.01-Zn-0.98-Ru-0.01']
514,3.8280824967761795,['Fe-0.01-Ni-0.99']
515,3.8280824967761795,['Fe-0.44-Cu-0.05-In-0.51']
516,3.8280824967761795,['Fe-0.45-Cu-0.05-In-0.50']
517,3.8280824967761795,['Co-0.94-Ru-0.03-Sn-0.03']
518,3.8280824967761795,['Cr-0.01-Ru-0.96-In-0.03']
519,3.8280824967761795,['Fe-0.01-Ru-0.99']
520,3.8280824967761795,['Cu-0.45-Ag-0.05-In-0.50']
521,3.8280824967761795,['Fe-0.01-Co-0.97-Ag-0.02']
522,3.8280824967761795,['Fe-0.02-Ru-0.97-Sn-0.01']
523,3.8280824967761795,['Co-0.64-Cu-0.30-Pb-0.06']
524,3.8280824967761795,['Cu-0.01-Ag-0.98-Au-0.01']
525,3.8280824967761795,['Cr-0.03-Ni-0.96-Ru-0.01']
526,3.8280824967761795,['Fe-0.02-Zn-0.97-Sn-0.01']
527,3.8280824967761795,['Fe-0.01-In-0.94-Sn-0.05']
528,3.8280824967761795,['Co-0.01-Au-0.99']
529,3.8280824967761795,['Fe-0.04-Pd-0.95-Ag-0.01']
530,3.8280824967761795,['Fe-0.01-In-0.94-Au-0.05']
531,3.8280824967761795,['Fe-0.01-In-0.95-Sn-0.04']
532,3.8280824967761795,['Fe-0.01-Cd-0.95-In-0.04']
533,3.8280824967761795,['Mn-0.89-Sn-0.11']
534,3.8280824967761795,['Fe-0.01-Pd-0.98-Sn-0.01']
535,3.8280824967761795,['Cr-0.73-Mn-0.26-In-0.01']
536,3.8280824967761795,['Co-0.99-Pb-0.01']
537,3.8280824967761795,['Cu-0.96-Ag-0.03-Sn-0.01']
538,3.8280824967761795,['Fe-0.42-Cd-0.57-Au-0.01']
539,3.8280824967761795,['Cu-0.45-Zn-0.54-Sn-0.01']
540,3.8280824967761795,['Cu-0.02-Ru-0.98']
541,3.8280824967761795,['Pd-0.51-Sn-0.48-Pb-0.01']
542,3.8280824967761795,['Mn-0.90-Sn-0.09-Pb-0.01']
543,3.8280824967761795,['Cu-0.98-Ru-0.01-Pd-0.01']
544,3.8280824967761795,['Fe-0.01-Cu-0.97-Zn-0.02']
545,3.8280824967761795,['Fe-0.01-Sn-0.97-Au-0.02']
546,3.8280824967761795,['Cu-0.97-Zn-0.02-Ag-0.01']
547,3.8280824967761795,['Co-0.01-Ru-0.97-Pd-0.02']
548,3.8280824967761795,['Co-0.02-Ru-0.97-Pd-0.01']
549,3.8280824967761795,['Cr-0.02-Fe-0.97-Pd-0.01']
550,3.8280824967761795,['Fe-0.98-Cu-0.01-Ru-0.01']
551,3.8280824967761795,['Fe-0.01-Pb-0.99']
552,3.8280824967761795,['Fe-0.98-Cu-0.01-Ag-0.01']
553,3.8280824967761795,['Fe-0.02-Ru-0.98']
554,3.8280824967761795,['Cu-0.42-Ru-0.04-Ag-0.54']
555,3.8280824967761795,['Cu-0.01-In-0.66-Au-0.33']
556,3.8280824967761795,['Cu-0.01-In-0.77-Au-0.22']
557,3.8280824967761795,['Cu-0.95-Zn-0.05']
558,3.8280824967761795,['Cu-0.63-Sn-0.37']
559,3.8280824967761795,['Cu-0.31-Ag-0.10-Cd-0.59']
560,3.8280824967761795,['Fe-0.99-Cd-0.01']
561,3.8280824967761795,['Cu-0.54-Ag-0.01-Cd-0.45']
562,3.8280824967761795,['Pd-0.02-Pb-0.98']
563,3.8280824967761795,['Cu-0.96-Pd-0.03-In-0.01']
564,3.8280824967761795,['Cu-0.98-Pd-0.01-Sn-0.01']
565,3.8280824967761795,['Zn-0.96-Pd-0.02-Cd-0.02']
566,3.8280824967761795,['Ru-0.63-Ag-0.01-In-0.36']
567,3.8280824967761795,['Cu-0.33-Ag-0.10-Cd-0.57']
568,3.8280824967761795,['Fe-0.03-Cu-0.95-Ru-0.02']
569,3.8280824967761795,['Cu-0.03-Cd-0.96-Au-0.01']
570,3.8280824967761795,['Fe-0.04-Cu-0.94-Ru-0.02']
571,3.8280824967761795,['Fe-0.01-Ni-0.97-Au-0.02']
572,3.8280824967761795,['Ni-0.02-Ru-0.97-Pd-0.01']
573,3.8280824967761795,['Cu-0.61-Ag-0.03-In-0.36']
574,3.8280824967761795,['Zn-0.98-Ag-0.01-In-0.01']
575,3.8280824967761795,['Ag-0.01-In-0.60-Au-0.39']
576,3.8280824967761795,['Mn-0.01-Cd-0.98-In-0.01']
577,3.8280824967761795,['Cu-0.01-Zn-0.99']
578,3.8280824967761795,['Fe-0.01-Cu-0.97-Ag-0.02']
579,3.8280824967761795,['Cu-0.01-In-0.98-Pb-0.01']
580,3.8280824967761795,['Zn-0.01-Ru-0.96-Pb-0.03']
581,3.8280824967761795,['Cu-0.95-Zn-0.01-Pd-0.04']
582,3.8280824967761795,['Cu-0.95-Ag-0.02-Pb-0.03']
583,3.8280824967761795,['Fe-0.01-Ni-0.97-Ag-0.02']
584,3.8280824967761795,['Fe-0.01-Sn-0.98-Pb-0.01']
585,3.8280824967761795,['Sn-0.01-Au-0.96-Pb-0.03']
586,3.8280824967761795,['Fe-0.01-Co-0.96-Ni-0.03']
587,3.8280824967761795,['Mn-0.01-Fe-0.98-Ag-0.01']
588,3.8280824967761795,['Cu-0.01-Cd-0.98-In-0.01']
589,3.8280824967761795,['Fe-0.03-Au-0.97']
590,3.8280824967761795,['Cu-0.93-Pd-0.06-Ag-0.01']
591,3.8280824967761795,['Zn-0.01-Ag-0.98-Sn-0.01']
592,3.8280824967761795,['Co-0.02-Ni-0.97-Pd-0.01']
593,3.8280824967761795,['Co-0.02-Zn-0.97-Pd-0.01']
594,3.8280824967761795,['Ru-0.99-Pb-0.01']
595,3.8280824967761795,['Fe-0.01-Cd-0.97-In-0.02']
596,3.8280824967761795,['Cu-0.95-Ag-0.01-Pb-0.04']
597,3.8280824967761795,['Cu-0.94-Ag-0.03-Pb-0.03']
598,3.8280824967761795,['Cu-0.94-Ag-0.02-Pb-0.04']
599,3.8280824967761795,['Cu-0.01-Ag-0.98-In-0.01']
600,3.8280824967761795,['Cu-0.15-Pd-0.83-Ag-0.02']
601,3.8280824967761795,['Fe-0.02-Pd-0.97-In-0.01']
602,3.8280824967761795,['Cu-0.54-Sn-0.44-Au-0.02']
603,3.8280824967761795,['Cu-0.95-Cd-0.05']
604,3.8280824967761795,['Cr-0.92-In-0.01-Pb-0.07']
605,3.8280824967761795,['Pd-0.71-Pb-0.29']
606,3.8280824967761795,['Cr-0.91-In-0.01-Pb-0.08']
607,3.8280824967761795,['In-0.01-Au-0.99']
608,3.8280824967761795,['Pd-0.51-Sn-0.47-Pb-0.02']
609,3.8280824967761795,['Zn-0.02-Ru-0.97-Au-0.01']
610,3.8280824967761795,['Cu-0.42-Ag-0.01-Sn-0.57']
611,3.8280824967761795,['Zn-0.01-Ag-0.97-Au-0.02']
612,3.8280824967761795,['Zn-0.01-Ag-0.96-Au-0.03']
613,3.8280824967761795,['Fe-0.42-Ag-0.56-In-0.02']
614,3.8280824967761795,['Zn-0.01-Ag-0.97-Sn-0.02']
615,3.8280824967761795,['Cu-0.61-Ag-0.02-Cd-0.37']
616,3.8280824967761795,['Cu-0.61-Ag-0.04-In-0.35']
617,3.8280824967761795,['Cu-0.61-Ag-0.02-In-0.37']
618,3.8280824967761795,['Fe-0.01-Ni-0.91-Zn-0.08']
619,3.8280824967761795,['Zn-0.01-Ru-0.97-Cd-0.02']
620,3.8280824967761795,['Cu-0.01-Sn-0.99']
621,3.8280824967761795,['Cu-0.95-Pd-0.04-Sn-0.01']
622,3.8280824967761795,['Cr-0.97-Ni-0.01-Ag-0.02']
623,3.8280824967761795,['Co-0.94-Ru-0.03-Ag-0.03']
624,3.8280824967761795,['Cu-0.61-Pd-0.02-In-0.37']
625,3.8280824967761795,['Pd-0.95-In-0.01-Sn-0.04']
626,3.8280824967761795,['Cu-0.97-Pb-0.03']
627,3.8280824967761795,['Cu-0.01-Zn-0.98-Ru-0.01']
628,3.8280824967761795,['Pd-0.01-In-0.98-Pb-0.01']
629,3.8280824967761795,['Cr-0.01-Co-0.98-Pb-0.01']
630,3.8280824967761795,['Fe-0.01-Ag-0.02-In-0.97']
631,3.8280824967761795,['Fe-0.01-Ag-0.01-Au-0.98']
632,3.8280824967761795,['Cr-0.01-Co-0.97-Zn-0.02']
633,3.8280824967761795,['Co-0.01-Cu-0.98-Au-0.01']
634,3.8280824967761795,['Ni-0.01-Sn-0.98-Pb-0.01']
635,3.8280824967761795,['Ni-0.01-Sn-0.97-Pb-0.02']
636,3.8280824967761795,['Fe-0.01-Co-0.96-Cd-0.03']
637,3.8280824967761795,['Mn-0.01-Fe-0.96-Cu-0.03']
638,3.8280824967761795,['Mn-0.01-Sn-0.99']
639,3.8280824967761795,['Cu-0.49-Ag-0.01-Au-0.50']
640,3.8280824967761795,['Fe-0.01-Co-0.04-In-0.95']
641,3.8280824967761795,['Mn-0.01-In-0.95-Au-0.04']
642,3.8280824967761795,['Zn-0.02-Pd-0.97-Au-0.01']
643,3.8280824967761795,['Cu-0.96-Pd-0.03-Au-0.01']
644,3.8280824967761795,['Cu-0.95-Pd-0.01-Au-0.04']
645,3.8280824967761795,['Fe-0.94-In-0.01-Pb-0.05']
646,3.8280824967761795,['Cu-0.39-Ag-0.60-Au-0.01']
647,3.8280824967761795,['Mn-0.01-Ag-0.99']
648,3.8280824967761795,['Ni-0.01-Ag-0.99']
649,3.8280824967761795,['Fe-0.01-Cu-0.01-Ag-0.98']
650,3.8280824967761795,['Pd-0.01-Cd-0.98-In-0.01']
651,3.8280824967761795,['Ru-0.01-Ag-0.99']
652,3.8280824967761795,['Ni-0.02-Ag-0.98']
653,3.8280824967761795,['Cu-0.62-Ag-0.03-Cd-0.35']
654,3.8280824967761795,['Cu-0.62-Ag-0.02-In-0.36']
655,3.8280824967761795,['Cu-0.53-Sn-0.44-Au-0.03']
656,3.8280824967761795,['Ag-0.51-Sn-0.47-Pb-0.02']
657,3.8280824967761795,['Ag-0.49-Sn-0.48-Pb-0.03']
658,3.8280824967761795,['Fe-0.96-In-0.04']
659,3.8280824967761795,['Ni-0.03-Ag-0.97']
660,3.8280824967761795,['Cu-0.02-Ag-0.98']
661,3.8280824967761795,['Fe-0.01-In-0.93-Au-0.06']
662,3.8280824967761795,['Cr-0.01-Mn-0.97-Co-0.02']
663,3.8280824967761795,['Cu-0.01-Ru-0.98-Pd-0.01']
664,3.8280824967761795,['Cu-0.01-Ag-0.98-Sn-0.01']
665,3.8280824967761795,['Cu-0.01-Ru-0.97-Pd-0.02']
666,3.8280824967761795,['Cu-0.01-Ru-0.98-Sn-0.01']
667,3.8280824967761795,['Ag-0.98-Cd-0.02']
668,3.8280824967761795,['Mn-0.02-In-0.98']
669,3.8280824967761795,['Cr-0.01-Ag-0.99']
670,3.8280824967761795,['Fe-0.01-In-0.98-Pb-0.01']
671,3.8280824967761795,['Ni-0.98-Cd-0.02']
672,3.8280824967761795,['Ni-0.97-Cd-0.03']
673,3.8280824967761795,['Ag-0.98-In-0.02']
674,3.8280824967761795,['Ag-0.97-In-0.03']
675,3.8280824967761795,['Co-0.96-Cd-0.01-Pb-0.03']
676,3.8280824967761795,['Pd-0.96-Cd-0.01-Pb-0.03']
677,3.8280824967761795,['Fe-0.49-Ag-0.01-In-0.50']
678,3.8280824967761795,['Pd-0.95-Cd-0.02-Pb-0.03']
679,3.8280824967761795,['Pd-0.95-Ag-0.02-Pb-0.03']
680,3.8280824967761795,['Fe-0.01-Cu-0.97-Pd-0.02']
681,3.8280824967761795,['Cu-0.01-Pd-0.49-Au-0.50']
682,3.8280824967761795,['Cu-0.96-Pd-0.01-In-0.03']
683,3.8280824967761795,['Cu-0.61-Ag-0.03-Cd-0.36']
684,3.8280824967761795,['Cu-0.61-Ag-0.01-Cd-0.38']
685,3.8280824967761795,['Cu-0.61-Ag-0.01-In-0.38']
686,3.8280824967761795,['Ru-0.50-Sn-0.49-Au-0.01']
687,3.8280824967761795,['Fe-0.01-Ru-0.98-Pd-0.01']
688,3.8280824967761795,['Cu-0.01-Ru-0.98-Ag-0.01']
689,3.8280824967761795,['Ni-0.02-Ru-0.98']
690,3.8280824967761795,['Cr-0.01-Mn-0.97-Zn-0.02']
691,3.8280824967761795,['Cu-0.95-Ag-0.04-Pb-0.01']
692,3.8280824967761795,['Fe-0.55-Sn-0.42-Pb-0.03']
693,3.8280824967761795,['Mn-0.66-Sn-0.34']
694,3.8280824967761795,['Cu-0.01-Ag-0.01-Au-0.98']
695,3.8280824967761795,['Ag-0.80-Cd-0.14-Sn-0.06']
696,3.8280824967761795,['Cu-0.03-Cd-0.94-Au-0.03']
697,3.8280824967761795,['Fe-0.01-Zn-0.01-Ag-0.98']
698,3.8280824967761795,['Cu-0.01-Ag-0.97-Cd-0.02']
699,3.8280824967761795,['Fe-0.01-Ru-0.97-Pd-0.02']
700,3.8280824967761795,['Ag-0.96-Cd-0.04']
701,3.8280824967761795,['Ru-0.02-Pd-0.97-Ag-0.01']
702,3.8280824967761795,['Co-0.02-Ni-0.97-Cu-0.01']
703,3.8280824967761795,['Mn-0.93-Fe-0.04-Cd-0.03']
704,3.8280824967761795,['Cu-0.61-Ag-0.01-Sn-0.38']
705,3.8280824967761795,['Cu-0.01-Ag-0.01-In-0.98']
706,3.8280824967761795,['Cu-0.01-Ag-0.06-In-0.93']
707,3.8280824967761795,['Cu-0.01-Ru-0.98-Cd-0.01']
708,3.8280824967761795,['Ni-0.96-Cu-0.01-Ag-0.03']
709,3.8280824967761795,['Ag-0.02-Cd-0.97-Pb-0.01']
710,3.8280824967761795,['Cu-0.94-In-0.05-Pb-0.01']
711,3.8280824967761795,['Co-0.96-Cd-0.01-Au-0.03']
712,3.8280824967761795,['Mn-0.65-Sn-0.35']
713,3.8280824967761795,['Fe-0.01-Ag-0.96-Au-0.03']
714,3.8280824967761795,['Fe-0.01-Zn-0.96-Cd-0.03']
715,3.8280824967761795,['Zn-0.02-Cd-0.97-Au-0.01']
716,3.8280824967761795,['Co-0.98-In-0.02']
717,3.8280824967761795,['Fe-0.47-Ag-0.02-Cd-0.51']
718,3.8280824967761795,['Fe-0.03-Ni-0.96-Ag-0.01']
719,3.8280824967761795,['Cu-0.55-Sn-0.44-Pb-0.01']
720,3.8280824967761795,['Fe-0.01-Cu-0.96-Pd-0.03']
721,3.8280824967761795,['Ru-0.01-Ag-0.97-Au-0.02']
722,3.8280824967761795,['Fe-0.01-Cu-0.98-Au-0.01']
723,3.8280824967761795,['Co-0.99-In-0.01']
724,3.8280824967761795,['Fe-0.01-Ni-0.02-Cu-0.97']
725,3.8280824967761795,['Sn-0.01-Pb-0.99']
726,3.8280824967761795,['Mn-0.01-Sn-0.98-Au-0.01']
727,3.8280824967761795,['Cu-0.94-Pb-0.06']
728,3.8280824967761795,['Fe-0.04-Cd-0.96']
729,3.8280824967761795,['Pd-0.02-Sn-0.98']
730,3.8280824967761795,['Fe-0.01-Cd-0.96-Au-0.03']
731,3.8280824967761795,['Fe-0.01-Co-0.98-Ag-0.01']
732,3.8280824967761795,['Fe-0.01-Ag-0.98-Au-0.01']
733,3.8280824967761795,['Cu-0.01-Pd-0.98-Ag-0.01']
734,3.8280824967761795,['Cu-0.02-Cd-0.96-Au-0.02']
735,3.8280824967761795,['Ag-0.96-In-0.01-Pb-0.03']
736,3.8280824967761795,['Cu-0.44-Ag-0.56']
737,3.8280824967761795,['Cu-0.47-Ag-0.53']
738,3.8280824967761795,['Fe-0.01-Cd-0.49-Au-0.50']
739,3.8280824967761795,['Cu-0.48-Ag-0.52']
740,3.8280824967761795,['Cu-0.62-Ag-0.03-In-0.35']
741,3.8280824967761795,['Fe-0.01-In-0.44-Au-0.55']
742,3.8280824967761795,['Cu-0.01-Zn-0.49-Au-0.50']
743,3.8280824967761795,['Cu-0.54-Ag-0.43-Au-0.03']
744,3.8280824967761795,['Zn-0.02-Cd-0.97-Pb-0.01']
745,3.8280824967761795,['Cu-0.01-Cd-0.98-Au-0.01']
746,3.8280824967761795,['Ru-0.46-Sn-0.51-Au-0.03']
747,3.8280824967761795,['Fe-0.02-Au-0.98']
748,3.8280824967761795,['In-0.02-Sn-0.98']
749,3.8280824967761795,['Cu-0.01-Pd-0.98-Au-0.01']
750,3.8280824967761795,['Cu-0.95-Ag-0.03-Au-0.02']
751,3.8280824967761795,['Sn-0.96-Pb-0.04']
752,3.8280824967761795,['Fe-0.01-Ni-0.98-Sn-0.01']
753,3.8280824967761795,['Cr-0.03-Pb-0.97']
754,3.8280824967761795,['Fe-0.03-Co-0.96-Cd-0.01']
755,3.8280824967761795,['Ag-0.99-In-0.01']
756,3.8280824967761795,['Fe-0.01-Ru-0.81-Pd-0.18']
757,3.8280824967761795,['Cu-0.46-Zn-0.52-Sn-0.02']
758,3.8280824967761795,['Cu-0.01-Zn-0.98-Sn-0.01']
759,3.8280824967761795,['Fe-0.02-Cu-0.98']
760,3.8280824967761795,['Fe-0.01-Zn-0.96-Pd-0.03']
761,3.8280824967761795,['Mn-0.69-Sn-0.31']
762,3.8280824967761795,['Cu-0.95-Ag-0.04-Cd-0.01']
763,3.8280824967761795,['Cu-0.97-Zn-0.01-Ag-0.02']
764,3.8280824967761795,['Cu-0.41-Ag-0.01-Sn-0.58']
765,3.8280824967761795,['Fe-0.99-Sn-0.01']
766,3.8280824967761795,['Fe-0.86-Ni-0.10-Ru-0.04']
767,3.8280824967761795,['Mn-0.01-Ni-0.97-Zn-0.02']
768,3.8280824967761795,['Fe-0.01-Co-0.98-Sn-0.01']
769,3.8280824967761795,['Cu-0.46-Pd-0.09-Ag-0.45']
770,3.8280824967761795,['Zn-0.01-Cd-0.43-Au-0.56']
771,3.8280824967761795,['Fe-0.01-Cu-0.98-In-0.01']
772,3.8280824967761795,['Fe-0.01-Co-0.96-Zn-0.03']
773,3.8280824967761795,['Cu-0.44-Ru-0.56']
774,3.8280824967761795,['Cu-0.47-Ru-0.53']
775,3.8280824967761795,['Fe-0.02-Co-0.98']
776,3.8280824967761795,['Cu-0.53-Ag-0.47']
777,3.8280824967761795,['Fe-0.46-Ag-0.03-Cd-0.51']
778,3.8280824967761795,['Ni-0.01-Pb-0.99']
779,3.8280824967761795,['Fe-0.56-Zn-0.38-Pd-0.06']
780,3.8280824967761795,['Fe-0.57-Zn-0.37-Pd-0.06']
781,3.8280824967761795,['Ni-0.02-In-0.98']
782,3.8280824967761795,['Cu-0.97-Zn-0.02-Sn-0.01']
783,3.8280824967761795,['Cu-0.98-Zn-0.01-Sn-0.01']
784,3.8280824967761795,['Ni-0.96-Zn-0.04']
785,3.8280824967761795,['Fe-0.02-Zn-0.97-Pd-0.01']
786,3.8280824967761795,['Mn-0.01-Co-0.97-Cd-0.02']
787,3.8280824967761795,['Cu-0.37-Ag-0.61-Pb-0.02']
788,3.8280824967761795,['Fe-0.04-Cd-0.95-Pb-0.01']
789,3.8280824967761795,['Cu-0.53-Pd-0.03-Ag-0.44']
790,3.8280824967761795,['Cr-0.02-Co-0.97-Zn-0.01']
791,3.8280824967761795,['Cr-0.03-Au-0.97']
792,3.8280824967761795,['Cu-0.95-Pd-0.02-Pb-0.03']
793,3.8280824967761795,['Fe-0.97-Zn-0.02-Ag-0.01']
794,3.8280824967761795,['Co-0.01-Ni-0.97-Zn-0.02']
795,3.8280824967761795,['Ni-0.01-In-0.99']
796,3.8280824967761795,['Cu-0.95-Pd-0.04-Cd-0.01']
797,3.8280824967761795,['Cu-0.95-Au-0.05']
798,3.8280824967761795,['Cu-0.01-Ag-0.43-Cd-0.56']
799,3.8280824967761795,['Cu-0.56-Sn-0.42-Au-0.02']
800,3.8280824967761795,['Fe-0.03-Cd-0.96-Au-0.01']
801,3.8280824967761795,['Ni-0.01-In-0.98-Au-0.01']
802,3.8280824967761795,['Ni-0.96-In-0.01-Pb-0.03']
803,3.8280824967761795,['Fe-0.01-Zn-0.98-In-0.01']
804,3.8280824967761795,['Fe-0.01-Zn-0.96-Ru-0.03']
805,3.8280824967761795,['Zn-0.39-Ag-0.33-Sn-0.28']
806,3.8280824967761795,['Ag-0.70-Cd-0.17-Pb-0.13']
807,3.8280824967761795,['Ag-0.70-Cd-0.16-Pb-0.14']
808,3.8280824967761795,['Fe-0.01-Co-0.96-Cu-0.03']
809,3.8280824967761795,['Ag-0.95-Cd-0.05']
810,3.8280824967761795,['Cu-0.03-Ag-0.96-Cd-0.01']
811,3.8280824967761795,['Cu-0.02-Cd-0.96-In-0.02']
812,3.8280824967761795,['Cu-0.01-Ag-0.09-Au-0.90']
813,3.8280824967761795,['Pd-0.01-Cd-0.98-Pb-0.01']
814,3.8280824967761795,['Zn-0.01-Ag-0.03-In-0.96']
815,3.8280824967761795,['Fe-0.01-Cu-0.96-Ag-0.03']
816,3.8280824967761795,['Pd-0.01-In-0.99']
817,3.8280824967761795,['Fe-0.01-Pd-0.96-Ag-0.03']
818,3.8280824967761795,['Cu-0.40-Ag-0.03-Sn-0.57']
819,3.8280824967761795,['Cu-0.95-Pd-0.01-In-0.04']
820,3.8280824967761795,['Ni-0.01-In-0.97-Sn-0.02']
821,3.8280824967761795,['Ni-0.01-In-0.97-Au-0.02']
822,3.8280824967761795,['Ni-0.01-Ag-0.97-Sn-0.02']
823,3.8280824967761795,['Ni-0.01-Ag-0.97-Cd-0.02']
824,3.8280824967761795,['Ni-0.01-Ag-0.96-Sn-0.03']
825,3.8280824967761795,['Ni-0.01-Ag-0.98-Sn-0.01']
826,3.8280824967761795,['Ni-0.01-Ag-0.98-Cd-0.01']
827,3.8280824967761795,['Ni-0.01-Ag-0.98-In-0.01']
828,3.8280824967761795,['Ni-0.01-Ag-0.96-Cd-0.03']
829,3.8280824967761795,['Ni-0.01-Ag-0.96-In-0.03']
830,3.8280824967761795,['Ni-0.01-Ag-0.95-Cd-0.04']
831,3.8280824967761795,['Ni-0.01-Ag-0.97-Au-0.02']
832,3.8280824967761795,['Ni-0.01-Ag-0.53-Sn-0.46']
833,3.8280824967761795,['Ni-0.01-Cu-0.98-Ru-0.01']
834,3.8280824967761795,['Ni-0.01-Cu-0.98-Sn-0.01']
835,3.8280824967761795,['Ni-0.01-Cu-0.98-Pd-0.01']
836,3.8280824967761795,['Zn-0.98-In-0.02']
837,3.8280824967761795,['Zn-0.96-In-0.04']
838,3.8280824967761795,['Cu-0.98-Sn-0.01-Pb-0.01']
839,3.8280824967761795,['Cu-0.97-Sn-0.01-Pb-0.02']
840,3.8280824967761795,['Ni-0.01-Ag-0.03-In-0.96']
841,3.8280824967761795,['Ni-0.93-Pd-0.07']
842,3.8280824967761795,['Ni-0.01-Cu-0.98-Au-0.01']
843,3.8280824967761795,['Mn-0.01-Co-0.98-Sn-0.01']
844,3.8280824967761795,['Ni-0.01-Pd-0.98-Sn-0.01']
845,3.8280824967761795,['Cu-0.97-Sn-0.02-Pb-0.01']
846,3.8280824967761795,['Ni-0.01-Ag-0.98-Au-0.01']
847,3.8280824967761795,['Fe-0.50-Co-0.49-Pd-0.01']
848,3.8280824967761795,['Cu-0.01-Pb-0.99']
849,3.8280824967761795,['Ni-0.02-Pd-0.97-Cd-0.01']
850,3.8280824967761795,['Fe-0.01-Zn-0.99']
851,3.8280824967761795,['Fe-0.03-Pb-0.97']
852,3.8280824967761795,['Ni-0.01-Zn-0.98-Sn-0.01']
853,3.8280824967761795,['Ni-0.03-Zn-0.96-Sn-0.01']
854,3.8280824967761795,['Mn-0.01-Co-0.99']
855,3.8280824967761795,['Fe-0.01-Zn-0.54-Ru-0.45']
856,3.8280824967761795,['Fe-0.01-Cd-0.60-Au-0.39']
857,3.8280824967761795,['Fe-0.01-Cd-0.57-Au-0.42']
858,3.8280824967761795,['Cu-0.01-Ag-0.96-Au-0.03']
859,3.8280824967761795,['Cu-0.97-Pd-0.01-Pb-0.02']
860,3.8280824967761795,['Fe-0.01-Sn-0.99']
861,3.8280824967761795,['Ni-0.01-Zn-0.98-Pb-0.01']
862,3.8280824967761795,['Mn-0.03-Fe-0.97']
863,3.8280824967761795,['Cu-0.01-Ag-0.02-Au-0.97']
864,3.8280824967761795,['Cu-0.96-Cd-0.02-Pb-0.02']
865,3.8280824967761795,['Ni-0.01-Au-0.97-Pb-0.02']
866,3.8280824967761795,['Fe-0.01-Ag-0.75-Sn-0.24']
867,3.8280824967761795,['Cu-0.63-Ag-0.04-Cd-0.33']
868,3.8280824967761795,['Ni-0.01-Sn-0.96-Au-0.03']
869,3.8280824967761795,['Cr-0.01-Ru-0.96-Cd-0.03']
870,3.8280824967761795,['Fe-0.01-Co-0.98-Cd-0.01']
871,3.8280824967761795,['Cu-0.65-Ag-0.02-Cd-0.33']
872,3.8280824967761795,['Cu-0.96-Pd-0.01-Pb-0.03']
873,3.8280824967761795,['Fe-0.27-Ag-0.71-Cd-0.02']
874,3.8280824967761795,['Fe-0.28-Ag-0.70-Cd-0.02']
875,3.8280824967761795,['Cu-0.94-Cd-0.06']
876,3.8280824967761795,['Cu-0.65-Ag-0.02-Au-0.33']
877,3.8280824967761795,['Cu-0.01-Sn-0.94-Au-0.05']
878,3.8280824967761795,['Cu-0.44-Pd-0.55-In-0.01']
879,3.8280824967761795,['Cu-0.44-Ag-0.34-Au-0.22']
880,3.8280824967761795,['Ni-0.01-Au-0.98-Pb-0.01']
881,3.8280824967761795,['Ni-0.03-Zn-0.96-Ru-0.01']
882,3.8280824967761795,['Ni-0.03-Cd-0.96-Sn-0.01']
883,3.8280824967761795,['Fe-0.07-Cd-0.93']
884,3.8280824967761795,['Cu-0.98-Ru-0.01-Sn-0.01']
885,3.8280824967761795,['Cu-0.01-Ag-0.43-Au-0.56']
886,3.8280824967761795,['Cu-0.01-Ag-0.98-Pb-0.01']
887,3.8280824967761795,['Ag-0.42-In-0.02-Sn-0.56']
888,3.8280824967761795,['Cu-0.50-Sn-0.05-Au-0.45']
889,3.8280824967761795,['Cu-0.96-Sn-0.02-Au-0.02']
890,3.8280824967761795,['Pd-0.01-Sn-0.98-Pb-0.01']
891,3.8280824967761795,['Fe-0.01-Pd-0.97-Ag-0.02']
892,3.8280824967761795,['Co-0.01-Ag-0.98-Pb-0.01']
893,3.8280824967761795,['Ni-0.01-Ag-0.98-Pb-0.01']
894,3.8280824967761795,['Ni-0.02-Ag-0.90-Cd-0.08']
895,3.8280824967761795,['Ni-0.02-Ag-0.89-Cd-0.09']
896,3.8280824967761795,['Zn-0.02-Ag-0.98']
897,3.8280824967761795,['Zn-0.99-Ag-0.01']
898,3.8280824967761795,['Cu-0.01-Ru-0.98-In-0.01']
899,3.8280824967761795,['Ni-0.39-Ru-0.57-Sn-0.04']
900,3.8280824967761795,['Ni-0.37-Ru-0.57-In-0.06']
